District,State/UT
Adilabad,Andhra Pradesh
Anantapur,Andhra Pradesh
Chittoor,Andhra Pradesh
Cuddapah,Andhra Pradesh
East Godavari,Andhra Pradesh
Guntur,Andhra Pradesh
Hyderabad,Andhra Pradesh
Karimnagar,Andhra Pradesh
Khammam,Andhra Pradesh
Krishna,Andhra Pradesh
Kurnool,Andhra Pradesh
Mahbubnagar,Andhra Pradesh
Medak,Andhra Pradesh
Nalgonda,Andhra Pradesh
Nellore,Andhra Pradesh
Nizamabad,Andhra Pradesh
Prakasam,Andhra Pradesh
Rangareddi,Andhra Pradesh
Srikakulam,Andhra Pradesh
Vishakhapatnam,Andhra Pradesh
Vizianagaram,Andhra Pradesh
Warangal,Andhra Pradesh
West Godavari,Andhra Pradesh
Changlang,Arunachal Pradesh
Dibang Valley,Arunachal Pradesh
East Kameng,Arunachal Pradesh
East Siang,Arunachal Pradesh
Lohit,Arunachal Pradesh
Lower Subansiri,Arunachal Pradesh
Tawang,Arunachal Pradesh
Tirap,Arunachal Pradesh
Upper Subansiri,Arunachal Pradesh
West Kameng,Arunachal Pradesh
West Siang,Arunachal Pradesh
Barpeta,Assam
Cachar,Assam
Darrang,Assam
Dhemaji,Assam
Dhubri,Assam
Dibrugarh,Assam
Golaghat,Assam
Golapara,Assam
Hailakandi,Assam
Jorhat,Assam
Kamrup,Assam
Karbi Anglong,Assam
Karimganj,Assam
Kokrajhar,Assam
Lakhimpur,Assam
Nagaon,Assam
Nalbari,Assam
North Cachar Hills,Assam
Sibsagar,Assam
Sonitpur,Assam
Tinsukia,Assam
Araria,Bihar
Banka,Bihar
Begusarai,Bihar
Bhagalpur,Bihar
Bhojpur,Bihar
Buxar,Bihar
Darbhanga,Bihar
Gaya,Bihar
Gopalganj,Bihar
Jamui,Bihar
Jehanabad,Bihar
Kaimur,Bihar
Katihar,Bihar
Khagaria,Bihar
Kishanganj,Bihar
Lakhisarai,Bihar
Madhepura,Bihar
Madhubani,Bihar
Munger,Bihar
Muzaffarpur,Bihar
Nalanda,Bihar
Nawada,Bihar
Paschim Champaran,Bihar
Patna,Bihar
Purba Champaran,Bihar
Purnia,Bihar
Rohtas,Bihar
Saharsa,Bihar
Samastipur,Bihar
Saran,Bihar
Sheikhpura,Bihar
Sheohar,Bihar
Sitamarhi,Bihar
Siwan,Bihar
Supaul,Bihar
Vaishali,Bihar
Chandigarh,Chandigarh
Bastar,Chhattisgarh
Bilaspur,Chhattisgarh
Dantewada,Chhattisgarh
Dhamtari,Chhattisgarh
Durg,Chhattisgarh
Janjgir,Chhattisgarh
Jashpur,Chhattisgarh
Kanker,Chhattisgarh
Kawardha,Chhattisgarh
Korba,Chhattisgarh
Koriya,Chhattisgarh
Mahasamund,Chhattisgarh
Raigarh,Chhattisgarh
Raipur,Chhattisgarh
Rajnandgaon,Chhattisgarh
Surguja,Chhattisgarh
Dadra & Nagar Haveli,Dadra & Nagar Haveli
New Delhi,Delhi
